alpha_3,languages,population,internet_usage_pct,internet_usage_record_year,uk_visits_period,uk_visits_number,uk_spending_millions,pop_score,net_score,uk_visits_missing,uk_score_raw,uk_score,language_factor,use_language_factor,total_score_base,total_score_with_language,total_score_no_language,total_score,model_rank,is_single_listen_candidate,country_name,predicted_single_listen_country,prediction_date,seen_in_listens,run_label,run_id,model_variant
GBR,['English'],69281437,96.2988,2023,,,,7.840616887015905,0.962988,True,0.0,6.76342806844129,1.5,False,51.0667223860393,76.60008357905895,51.0667223860393,51.0667223860393,1,False,United Kingdom,,25-05-2025,False,corrected-uk-score-1,corrected-uk-score-1_20251219T112007Z,no-language
ESP,"['Spanish', 'Catalan', 'Basque', 'Galician']",49315949,95.7575,2024,2025 Q2 P,5800000.0,4528.0,7.692987394784945,0.957575,False,6.76342806844129,6.76342806844129,1.1,False,49.82355310633696,54.80590841697066,49.82355310633696,49.82355310633696,2,False,Spain,,25-05-2025,False,corrected-uk-score-1,corrected-uk-score-1_20251219T112007Z,no-language
USA,['English'],340110988,93.1444,2023,2025 Q1 P,864000.0,1306.0,8.531620662955014,0.931444,False,5.936514245134253,5.936514245134253,1.5,False,47.175857306228174,70.76378595934226,47.175857306228174,47.175857306228174,3,False,United States,,25-05-2025,False,corrected-uk-score-1,corrected-uk-score-1_20251219T112007Z,no-language
DEU,['German'],83491249,93.5,2024,2025 Q2 P,956000.0,641.0,7.92164095799646,0.935,False,5.980458346558794,5.980458346558794,1.1,False,44.295665939621955,48.725232533584155,44.295665939621955,44.295665939621955,4,False,Germany,,25-05-2025,False,corrected-uk-score-1,corrected-uk-score-1_20251219T112007Z,no-language
FRA,['French'],66351959,88.6538,2024,2025 Q2 P,2404000.0,1695.0,7.821853749662105,0.886538,False,6.380934643985607,6.380934643985607,1.1,False,44.2477654650806,48.67254201158866,44.2477654650806,44.2477654650806,5,False,France,,25-05-2025,False,corrected-uk-score-1,corrected-uk-score-1_20251219T112007Z,no-language
ITA,"['Italian', 'Catalan']",58927633,89.2207,2024,2025 Q2 P,1665000.0,1356.0,7.7703189967427955,0.892207,False,6.221414498679787,6.221414498679787,1.1,False,43.13140560868672,47.444546169555394,43.13140560868672,43.13140560868672,6,False,Italy,,25-05-2025,False,corrected-uk-score-1,corrected-uk-score-1_20251219T112007Z,no-language
NLD,['Dutch'],18100436,97.0068,2023,2025 Q2 P,679000.0,437.0,7.257689036201425,0.9700679999999999,False,5.831870413888987,5.831870413888987,1.1,False,41.059003065860196,45.16490337244622,41.059003065860196,41.059003065860196,7,False,Netherlands,,25-05-2025,False,corrected-uk-score-1,corrected-uk-score-1_20251219T112007Z,no-language
POL,['Polish'],37392000,88.585,2024,2025 Q1 P,817000.0,265.0,7.572778695048152,0.8858499999999999,False,5.912222588104283,5.912222588104283,1.1,False,39.66123479145427,43.6273582705997,39.66123479145427,39.66123479145427,8,False,Poland,,25-05-2025,False,corrected-uk-score-1,corrected-uk-score-1_20251219T112007Z,no-language
AUS,['English'],27536874,97.0631,2023,2025 Q1 P,287000.0,519.0,7.439914637387663,0.970631,False,5.457883409952547,5.457883409952547,1.5,False,39.41362357452472,59.12043536178708,39.41362357452472,39.41362357452472,9,False,Australia,,25-05-2025,False,corrected-uk-score-1,corrected-uk-score-1_20251219T112007Z,no-language
ARE,['Arabic'],11294243,100.0,2024,2025 Q1 P,371000.0,540.0,7.052857127514885,1.0,False,5.569375080218541,5.569375080218541,0.5,False,39.28000673032312,19.64000336516156,39.28000673032312,39.28000673032312,10,False,United Arab Emirates,,25-05-2025,False,corrected-uk-score-1,corrected-uk-score-1_20251219T112007Z,no-language
CHE,"['French', 'Swiss German', 'Italian', 'Romansh']",9082848,97.3444,2023,2025 Q1 P,540000.0,560.0,6.958222046400911,0.973444,False,5.732394564071265,5.732394564071265,1.1,False,38.82802777982097,42.71083055780307,38.82802777982097,38.82802777982097,11,False,Switzerland,,25-05-2025,False,corrected-uk-score-1,corrected-uk-score-1_20251219T112007Z,no-language
THA,['Thai'],65859640,90.8672,2024,2025 Q1 P,255000.0,461.0,7.818619352454832,0.9086719999999999,False,5.406541883546231,5.406541883546231,0.5,False,38.41110382219773,19.205551911098866,38.41110382219773,38.41110382219773,12,False,Thailand,,25-05-2025,False,corrected-uk-score-1,corrected-uk-score-1_20251219T112007Z,no-language
ROU,['Romanian'],19036031,91.2905,2024,2025 Q2 P,548000.0,249.0,7.279576403371833,0.912905,False,5.738781350991824,5.738781350991824,1.1,False,38.1374255308555,41.951168083941056,38.1374255308555,38.1374255308555,13,False,Romania,,25-05-2025,False,corrected-uk-score-1,corrected-uk-score-1_20251219T112007Z,no-language
PRT,['Portuguese'],10749635,88.487,2024,2025 Q2 P,1094000.0,774.0,7.0313937181886415,0.8848699999999999,False,6.0390177189757335,6.0390177189757335,1.1,False,37.57397930665082,41.331377237315905,37.57397930665082,37.57397930665082,14,False,Portugal,,25-05-2025,False,corrected-uk-score-1,corrected-uk-score-1_20251219T112007Z,no-language
MAR,"['Arabic', 'Berber']",36828330,91.0,2023,2025 Q1 P,284000.0,213.0,7.566182025989628,0.91,False,5.453319869250268,5.453319869250268,0.5,False,37.54733780679107,18.773668903395535,37.54733780679107,37.54733780679107,15,False,Morocco,,25-05-2025,False,corrected-uk-score-1,corrected-uk-score-1_20251219T112007Z,no-language
GRC,['Greek'],10400720,86.2697,2024,2025 Q2 P,1580000.0,1670.0,7.017063404799118,0.862697,False,6.198657361824261,6.198657361824261,0.5,False,37.524189404551954,18.762094702275977,37.524189404551954,37.524189404551954,16,False,Greece,,25-05-2025,False,corrected-uk-score-1,corrected-uk-score-1_20251219T112007Z,no-language
BEL,"['German', 'French', 'Dutch']",11825551,95.7758,2024,2025 Q2 P,322000.0,172.0,7.072821385408543,0.957758,False,5.507857220434364,5.507857220434364,1.1,False,37.310507168472064,41.04155788531927,37.310507168472064,37.310507168472064,17,False,Belgium,,25-05-2025,False,corrected-uk-score-1,corrected-uk-score-1_20251219T112007Z,no-language
AUT,['German'],9200931,94.9197,2024,2025 Q1 P,326000.0,420.0,6.963831773835327,0.9491970000000001,False,5.513218932257558,5.513218932257558,1.1,False,36.4426430350086,40.08690733850946,36.4426430350086,36.4426430350086,18,False,Austria,,25-05-2025,False,corrected-uk-score-1,corrected-uk-score-1_20251219T112007Z,no-language
CAN,"['English', 'French']",41651653,93.9564,2023,2025 Q2 P,121000.0,142.0,7.619632241625957,0.9395640000000001,False,5.082788959512213,5.082788959512213,1.5,False,36.388357838854816,54.582536758282224,36.388357838854816,36.388357838854816,19,False,Canada,,25-05-2025,False,corrected-uk-score-1,corrected-uk-score-1_20251219T112007Z,no-language
JPN,['Japanese'],123210000,86.9815,2023,2025 Q2 P,142000.0,308.0,8.090645957573315,0.869815,False,5.152291402784132,5.152291402784132,0.5,False,36.25855628821453,18.129278144107264,36.25855628821453,36.25855628821453,20,False,Japan,,25-05-2025,False,corrected-uk-score-1,corrected-uk-score-1_20251219T112007Z,no-language
DNK,['Danish'],6011488,99.7692,2024,2025 Q2 P,216000.0,178.0,6.778981984515728,0.997692,False,5.334455761768878,5.334455761768878,1.1,False,36.078717195926984,39.686588915519685,36.078717195926984,36.078717195926984,21,False,Denmark,,25-05-2025,False,corrected-uk-score-1,corrected-uk-score-1_20251219T112007Z,no-language
HUN,['Hungarian'],9539502,93.779,2024,2025 Q2 P,269000.0,141.0,6.979525703394117,0.93779,False,5.429753894477035,5.429753894477035,1.1,False,35.53952785124854,39.0934806363734,35.53952785124854,35.53952785124854,22,False,Hungary,,25-05-2025,False,corrected-uk-score-1,corrected-uk-score-1_20251219T112007Z,no-language
MEX,['Spanish'],130575786,81.1832,2023,2025 Q2 P,207000.0,336.0,8.115862648749394,0.811832,False,5.315972443492825,5.315972443492825,1.1,False,35.02543804112175,38.52798184523393,35.02543804112175,35.02543804112175,23,False,Mexico,,25-05-2025,False,corrected-uk-score-1,corrected-uk-score-1_20251219T112007Z,no-language
NOR,"['Norwegian Nynorsk', 'Norwegian Bokmål', 'Sami']",5606944,99.0,2023,2025 Q1 P,174000.0,168.0,6.7487262185539185,0.99,False,5.240551744220726,5.240551744220726,0.5,False,35.013378466351774,17.506689233175887,35.013378466351774,35.013378466351774,24,False,Norway,,25-05-2025,False,corrected-uk-score-1,corrected-uk-score-1_20251219T112007Z,no-language
SWE,['Swedish'],10605098,95.5293,2024,2025 Q2 P,150000.0,90.0,7.025514686116378,0.9552930000000001,False,5.176094154342576,5.176094154342576,1.1,False,34.73896771521336,38.2128644867347,34.73896771521336,34.73896771521336,25,False,Sweden,,25-05-2025,False,corrected-uk-score-1,corrected-uk-score-1_20251219T112007Z,no-language
BRA,['Portuguese'],213421037,84.4635,2024,2025 Q1 P,65000.0,115.0,8.329237225785352,0.8446349999999999,False,4.812920038045028,4.812920038045028,1.1,False,33.859687967290746,37.24565676401983,33.859687967290746,33.859687967290746,26,False,Brazil,,25-05-2025,False,corrected-uk-score-1,corrected-uk-score-1_20251219T112007Z,no-language
CZE,"['Czech', 'Slovak']",10882341,87.6878,2024,2025 Q1 P,246000.0,108.0,7.036722330474317,0.8768779999999999,False,5.390936872524514,5.390936872524514,1.1,False,33.26395117852642,36.59034629637907,33.26395117852642,33.26395117852642,27,False,Czechia,,25-05-2025,False,corrected-uk-score-1,corrected-uk-score-1_20251219T112007Z,no-language
EGY,['Arabic'],107271260,72.6899,2023,2025 Q2 P,303000.0,392.0,8.030483381842073,0.726899,False,5.481444061815061,5.481444061815061,0.5,False,31.997109356708172,15.998554678354086,31.997109356708172,31.997109356708172,28,False,Egypt,,25-05-2025,False,corrected-uk-score-1,corrected-uk-score-1_20251219T112007Z,no-language
CYP,"['Greek', 'Turkish']",1442614,91.2211,2023,2025 Q2 P,400000.0,364.0,6.159150142531189,0.9122110000000001,False,5.60206107706281,5.60206107706281,0.5,False,31.474869306853318,15.737434653426659,31.474869306853318,31.474869306853318,29,False,Cyprus,,25-05-2025,False,corrected-uk-score-1,corrected-uk-score-1_20251219T112007Z,no-language
FIN,"['Finnish', 'Swedish']",5650325,93.5139,2023,2025 Q2 P,86000.0,70.0,6.752073428641965,0.935139,False,4.9345035011500435,4.9345035011500435,1.1,False,31.157082745434657,34.27279101997812,31.157082745434657,31.157082745434657,30,False,Finland,,25-05-2025,False,corrected-uk-score-1,corrected-uk-score-1_20251219T112007Z,no-language
NZL,"['English', 'Māori', 'New Zealand Sign Language']",5324700,96.1638,2023,2025 Q1 P,65000.0,121.0,6.726295144126775,0.961638,False,4.812920038045028,4.812920038045028,1.5,False,31.131223025409245,46.69683453811387,31.131223025409245,31.131223025409245,31,False,New Zealand,,25-05-2025,False,corrected-uk-score-1,corrected-uk-score-1_20251219T112007Z,no-language
ZAF,"['Afrikaans', 'English', 'Southern Ndebele', 'Northern Sotho', 'Southern Sotho', 'Swazi', 'Tswana', 'Tsonga', 'Venda', 'Xhosa', 'Zulu']",63100945,75.6592,2023,2025 Q1 P,166000.0,223.0,7.800035863288702,0.7565919999999999,False,5.220110704263994,5.220110704263994,1.5,False,30.8061948259354,46.2092922389031,30.8061948259354,30.8061948259354,32,False,South Africa,,25-05-2025,False,corrected-uk-score-1,corrected-uk-score-1_20251219T112007Z,no-language
ISR,"['Arabic', 'Hebrew']",10134800,88.1824,2024,2025 Q2 P,87000.0,94.0,7.00581518275242,0.881824,False,4.939524244480526,4.939524244480526,0.5,False,30.51586691240905,15.257933456204524,30.51586691240905,30.51586691240905,33,False,Israel,,25-05-2025,False,corrected-uk-score-1,corrected-uk-score-1_20251219T112007Z,no-language
SVK,['Slovak'],5413813,89.8251,2024,2025 Q1 P,97000.0,37.0,6.733503250608721,0.898251,False,4.986776211505866,4.986776211505866,1.1,False,30.16189769648062,33.17808746612868,30.16189769648062,30.16189769648062,34,False,Slovakia,,25-05-2025,False,corrected-uk-score-1,corrected-uk-score-1_20251219T112007Z,no-language
LTU,['Lithuanian'],2894886,88.5029,2023,2025 Q1 P,161000.0,63.0,6.461631465975109,0.885029,False,5.206828573504726,5.206828573504726,1.1,False,29.776453197032442,32.75409851673569,29.776453197032442,29.776453197032442,35,False,Lithuania,,25-05-2025,False,corrected-uk-score-1,corrected-uk-score-1_20251219T112007Z,no-language
IND,"['English', 'Hindi', 'Tamil']",1417492000,55.9,2022,2025 Q1 P,619000.0,602.0,9.151520616513332,0.5589999999999999,False,5.791691350626146,5.791691350626146,1.5,False,29.62855558505305,44.442833377579575,29.62855558505305,29.62855558505305,36,False,India,,25-05-2025,False,corrected-uk-score-1,corrected-uk-score-1_20251219T112007Z,no-language
RUS,['Russian'],146028325,94.365,2024,2025 Q2 P,6000.0,2.0,8.164437103716473,0.94365,False,3.7782236267660965,3.7782236267660965,0.5,False,29.108836817087347,14.554418408543674,29.108836817087347,29.108836817087347,37,False,Russian Federation,,25-05-2025,False,corrected-uk-score-1,corrected-uk-score-1_20251219T112007Z,no-language
BGR,['Bulgarian'],6437360,82.439,2024,2025 Q1 P,151000.0,76.0,6.808707797095676,0.82439,False,5.178979823406043,5.178979823406043,0.5,False,29.069772333530555,14.534886166765277,29.069772333530555,29.069772333530555,38,False,Bulgaria,,25-05-2025,False,corrected-uk-score-1,corrected-uk-score-1_20251219T112007Z,no-language
JAM,"['English', 'Jamaican Patois']",2825544,89.473,2023,2025 Q2 P,83000.0,76.0,6.4511020746169,0.89473,False,4.919083324808191,4.919083324808191,1.5,False,28.39292218715244,42.58938328072866,28.39292218715244,28.39292218715244,39,False,Jamaica,,25-05-2025,False,corrected-uk-score-1,corrected-uk-score-1_20251219T112007Z,no-language
MLT,"['English', 'Maltese']",574250,92.0727,2023,2025 Q2 P,158000.0,153.0,5.759101003867063,0.920727,False,5.1986598356449765,5.1986598356449765,1.5,False,27.566204606314127,41.34930690947119,27.566204606314127,27.566204606314127,40,False,Malta,,25-05-2025,False,corrected-uk-score-1,corrected-uk-score-1_20251219T112007Z,no-language
LUX,"['German', 'French', 'Luxembourgish']",681973,98.7606,2024,2025 Q2 P,34000.0,21.0,5.8337671808395735,0.987606,False,4.53149169022153,4.53149169022153,1.1,False,26.108023839633617,28.71882622359698,26.108023839633617,26.108023839633617,41,False,Luxembourg,,25-05-2025,False,corrected-uk-score-1,corrected-uk-score-1_20251219T112007Z,no-language
TUN,['Arabic'],11972169,72.3542,2023,2025 Q2 P,69000.0,60.0,7.078172838743614,0.723542,False,4.838855384814572,4.838855384814572,0.5,False,24.78149782623364,12.39074891311682,24.78149782623364,24.78149782623364,42,False,Tunisia,,25-05-2025,False,corrected-uk-score-1,corrected-uk-score-1_20251219T112007Z,no-language
BRB,['English'],267800,79.9923,2023,2025 Q1 P,66000.0,166.0,5.42781057267599,0.799923,False,4.819550515711442,4.819550515711442,1.5,False,20.925671506021825,31.388507259032735,20.925671506021825,20.925671506021825,43,False,Barbados,,25-05-2025,False,corrected-uk-score-1,corrected-uk-score-1_20251219T112007Z,no-language
LKA,"['Sinhala', 'Tamil']",21763170,51.2,2023,2025 Q1 P,59000.0,96.0,7.337722154502129,0.512,False,4.770859372503186,4.770859372503186,0.5,False,17.923707142978945,8.961853571489472,17.923707142978945,17.923707142978945,44,False,Sri Lanka,,25-05-2025,False,corrected-uk-score-1,corrected-uk-score-1_20251219T112007Z,no-language
NGA,['English'],223800000,39.2136,2023,2025 Q2 P,68000.0,57.0,8.34986008219233,0.392136,False,4.832515299342833,4.832515299342833,1.5,False,15.823011737486908,23.734517606230362,15.823011737486908,15.823011737486908,45,False,Nigeria,,25-05-2025,False,corrected-uk-score-1,corrected-uk-score-1_20251219T112007Z,no-language
PAK,"['English', 'Urdu']",241499431,27.3759,2023,2025 Q1 P,171000.0,141.0,8.38291611184177,0.27375900000000003,False,5.23299865011854,5.23299865011854,1.5,False,12.009201965990979,18.013802948986466,12.009201965990979,12.009201965990979,46,False,Pakistan,,25-05-2025,False,corrected-uk-score-1,corrected-uk-score-1_20251219T112007Z,no-language
OMN,['Arabic'],5343630,95.2517,2024,,,,6.727836379384905,0.952517,True,0.0,0.0,0.5,False,0.0,0.0,0.0,0.0,47,False,Oman,,25-05-2025,False,corrected-uk-score-1,corrected-uk-score-1_20251219T112007Z,no-language
PRY,"['Guaraní', 'Spanish']",6109644,81.5781,2024,,,,6.786015905276943,0.8157810000000001,True,0.0,0.0,1.1,False,0.0,0.0,0.0,0.0,48,False,Paraguay,,25-05-2025,False,corrected-uk-score-1,corrected-uk-score-1_20251219T112007Z,no-language
PLW,"['English', 'Palauan']",16733,26.9703,2004,,,,4.223573811054687,0.269703,True,0.0,0.0,1.5,False,0.0,0.0,0.0,0.0,49,False,Palau,,25-05-2025,False,corrected-uk-score-1,corrected-uk-score-1_20251219T112007Z,no-language
PNG,"['English', 'Hiri Motu', 'Tok Pisin']",11781559,24.0667,2023,,,,7.071202762462869,0.24066700000000002,True,0.0,0.0,1.5,False,0.0,0.0,0.0,0.0,50,False,Papua New Guinea,,25-05-2025,False,corrected-uk-score-1,corrected-uk-score-1_20251219T112007Z,no-language
PCN,['English'],35,,,,,,1.5440680443502757,,True,0.0,0.0,1.5,False,0.0,0.0,0.0,0.0,51,False,Pitcairn,,25-05-2025,False,corrected-uk-score-1,corrected-uk-score-1_20251219T112007Z,no-language
PER,"['Aymara', 'Quechua', 'Spanish']",34350244,81.9571,2024,,,,7.535929826329404,0.8195709999999999,True,0.0,0.0,1.1,False,0.0,0.0,0.0,0.0,52,False,Peru,,25-05-2025,False,corrected-uk-score-1,corrected-uk-score-1_20251219T112007Z,no-language
PRK,['Korean'],25950000,0.0,2012,,,,7.414137362184476,0.0,True,0.0,0.0,0.5,False,0.0,0.0,0.0,0.0,53,False,"Korea, Democratic People's Republic of",,25-05-2025,False,corrected-uk-score-1,corrected-uk-score-1_20251219T112007Z,no-language
PRI,"['English', 'Spanish']",3203295,87.2918,2022,,,,6.505596935845423,0.872918,True,0.0,0.0,1.5,False,0.0,0.0,0.0,0.0,54,False,Puerto Rico,,25-05-2025,False,corrected-uk-score-1,corrected-uk-score-1_20251219T112007Z,no-language
MDV,['Maldivian'],515132,84.6851,2023,,,,5.711918529091912,0.846851,True,0.0,0.0,0.5,False,0.0,0.0,0.0,0.0,55,False,Maldives,,25-05-2025,False,corrected-uk-score-1,corrected-uk-score-1_20251219T112007Z,no-language
PHL,"['English', 'Filipino']",114123600,83.7661,2023,,,,8.057375462910338,0.837661,True,0.0,0.0,1.5,False,0.0,0.0,0.0,0.0,56,False,Philippines,,25-05-2025,False,corrected-uk-score-1,corrected-uk-score-1_20251219T112007Z,no-language
PAN,['Spanish'],4064780,68.5485,2023,,,,6.60903704504163,0.685485,True,0.0,0.0,1.1,False,0.0,0.0,0.0,0.0,57,False,Panama,,25-05-2025,False,corrected-uk-score-1,corrected-uk-score-1_20251219T112007Z,no-language
NIC,['Spanish'],6803886,58.2314,2023,,,,6.832757028340634,0.582314,True,0.0,0.0,1.1,False,0.0,0.0,0.0,0.0,58,False,Nicaragua,,25-05-2025,False,corrected-uk-score-1,corrected-uk-score-1_20251219T112007Z,no-language
NRU,"['English', 'Nauru']",11680,81.6554,2020,,,,4.067442842776381,0.816554,True,0.0,0.0,1.5,False,0.0,0.0,0.0,0.0,59,False,Nauru,,25-05-2025,False,corrected-uk-score-1,corrected-uk-score-1_20251219T112007Z,no-language
NPL,['Nepali'],29911840,55.7716,2023,,,,7.475843129088429,0.557716,True,0.0,0.0,0.5,False,0.0,0.0,0.0,0.0,60,False,Nepal,,25-05-2025,False,corrected-uk-score-1,corrected-uk-score-1_20251219T112007Z,no-language
MKD,['Macedonian'],1822612,87.1819,2023,,,,6.260694225323314,0.871819,True,0.0,0.0,0.5,False,0.0,0.0,0.0,0.0,61,False,North Macedonia,,25-05-2025,False,corrected-uk-score-1,corrected-uk-score-1_20251219T112007Z,no-language
MMR,['Burmese'],51316756,58.5357,2023,,,,7.710259194549563,0.585357,True,0.0,0.0,0.5,False,0.0,0.0,0.0,0.0,62,False,Myanmar,,25-05-2025,False,corrected-uk-score-1,corrected-uk-score-1_20251219T112007Z,no-language
MNE,['Montenegrin'],623327,88.8826,2024,,,,5.7947159391766885,0.888826,True,0.0,0.0,1.1,False,0.0,0.0,0.0,0.0,63,False,Montenegro,,25-05-2025,False,corrected-uk-score-1,corrected-uk-score-1_20251219T112007Z,no-language
MNG,['Mongolian'],3544835,83.0162,2023,,,,6.549596025060067,0.830162,True,0.0,0.0,0.5,False,0.0,0.0,0.0,0.0,64,False,Mongolia,,25-05-2025,False,corrected-uk-score-1,corrected-uk-score-1_20251219T112007Z,no-language
MNP,"['Carolinian', 'Chamorro', 'English']",47329,0.0,1990,,,,4.675127328489335,0.0,True,0.0,0.0,1.5,False,0.0,0.0,0.0,0.0,65,False,Northern Mariana Islands,,25-05-2025,False,corrected-uk-score-1,corrected-uk-score-1_20251219T112007Z,no-language
MOZ,['Portuguese'],34090466,19.8434,2023,,,,7.532632937862664,0.198434,True,0.0,0.0,1.1,False,0.0,0.0,0.0,0.0,66,False,Mozambique,,25-05-2025,False,corrected-uk-score-1,corrected-uk-score-1_20251219T112007Z,no-language
MRT,['Arabic'],4927532,37.3809,2023,,,,6.69262945332252,0.37380899999999995,True,0.0,0.0,0.5,False,0.0,0.0,0.0,0.0,67,False,Mauritania,,25-05-2025,False,corrected-uk-score-1,corrected-uk-score-1_20251219T112007Z,no-language
MSR,['English'],4386,,,,,,3.642068627341504,,True,0.0,0.0,1.5,False,0.0,0.0,0.0,0.0,68,False,Montserrat,,25-05-2025,False,corrected-uk-score-1,corrected-uk-score-1_20251219T112007Z,no-language
MTQ,['French'],349925,,,,,,5.543974971274539,,True,0.0,0.0,1.1,False,0.0,0.0,0.0,0.0,69,False,Martinique,,25-05-2025,False,corrected-uk-score-1,corrected-uk-score-1_20251219T112007Z,no-language
MUS,"['English', 'French', 'Mauritian Creole']",1243741,79.5,2023,,,,6.094729951108975,0.795,True,0.0,0.0,1.5,False,0.0,0.0,0.0,0.0,70,False,Mauritius,,25-05-2025,False,corrected-uk-score-1,corrected-uk-score-1_20251219T112007Z,no-language
MWI,"['English', 'Chewa']",20734262,17.9881,2023,,,,7.316688582018264,0.17988099999999999,True,0.0,0.0,1.5,False,0.0,0.0,0.0,0.0,71,False,Malawi,,25-05-2025,False,corrected-uk-score-1,corrected-uk-score-1_20251219T112007Z,no-language
MYS,"['English', 'Malay']",34231700,98.0206,2024,,,,7.534428467419687,0.980206,True,0.0,0.0,1.5,False,0.0,0.0,0.0,0.0,72,False,Malaysia,,25-05-2025,False,corrected-uk-score-1,corrected-uk-score-1_20251219T112007Z,no-language
MYT,['French'],320901,,,,,,5.506371070457315,,True,0.0,0.0,1.1,False,0.0,0.0,0.0,0.0,73,False,Mayotte,,25-05-2025,False,corrected-uk-score-1,corrected-uk-score-1_20251219T112007Z,no-language
NAM,"['Afrikaans', 'German', 'English', 'Herero', 'Khoekhoe', 'Kwangali', 'Lozi', 'Ndonga', 'Tswana']",3022401,64.4061,2023,,,,6.480352084269662,0.644061,True,0.0,0.0,1.5,False,0.0,0.0,0.0,0.0,74,False,Namibia,,25-05-2025,False,corrected-uk-score-1,corrected-uk-score-1_20251219T112007Z,no-language
NCL,['French'],264596,82.0058,2017,,,,5.422583274503567,0.820058,True,0.0,0.0,1.1,False,0.0,0.0,0.0,0.0,75,False,New Caledonia,,25-05-2025,False,corrected-uk-score-1,corrected-uk-score-1_20251219T112007Z,no-language
PYF,['French'],279500,72.7039,2017,,,,5.446381812222442,0.727039,True,0.0,0.0,1.1,False,0.0,0.0,0.0,0.0,76,False,French Polynesia,,25-05-2025,False,corrected-uk-score-1,corrected-uk-score-1_20251219T112007Z,no-language
NER,['French'],26312034,23.1879,2023,,,,7.420154421663518,0.231879,True,0.0,0.0,1.1,False,0.0,0.0,0.0,0.0,77,False,Niger,,25-05-2025,False,corrected-uk-score-1,corrected-uk-score-1_20251219T112007Z,no-language
NFK,"['English', 'Norfuk']",2188,,,,,,3.340047317661393,,True,0.0,0.0,1.5,False,0.0,0.0,0.0,0.0,78,False,Norfolk Island,,25-05-2025,False,corrected-uk-score-1,corrected-uk-score-1_20251219T112007Z,no-language
MLI,['French'],22395489,35.0921,2023,,,,7.350160549597546,0.35092100000000004,True,0.0,0.0,1.1,False,0.0,0.0,0.0,0.0,79,False,Mali,,25-05-2025,False,corrected-uk-score-1,corrected-uk-score-1_20251219T112007Z,no-language
NIU,"['English', 'Niuean']",1681,,,,,,3.225567713439471,,True,0.0,0.0,1.5,False,0.0,0.0,0.0,0.0,80,False,Niue,,25-05-2025,False,corrected-uk-score-1,corrected-uk-score-1_20251219T112007Z,no-language
MHL,"['English', 'Marshallese']",42418,65.7177,2023,,,,4.627550187767521,0.6571769999999999,True,0.0,0.0,1.5,False,0.0,0.0,0.0,0.0,81,False,Marshall Islands,,25-05-2025,False,corrected-uk-score-1,corrected-uk-score-1_20251219T112007Z,no-language
PSE,['Arabic'],5483450,86.6377,2023,,,,6.739053887776157,0.866377,True,0.0,0.0,0.5,False,0.0,0.0,0.0,0.0,82,False,"Palestine, State of",,25-05-2025,False,corrected-uk-score-1,corrected-uk-score-1_20251219T112007Z,no-language
ABW,"['Dutch', 'Papiamento']",107566,97.17,2017,,,,5.031675019046017,0.9717,True,0.0,0.0,1.1,False,0.0,0.0,0.0,0.0,83,False,Aruba,,25-05-2025,False,corrected-uk-score-1,corrected-uk-score-1_20251219T112007Z,no-language
QAT,['Arabic'],3173024,99.6528,2023,,,,6.501473357013159,0.996528,True,0.0,0.0,0.5,False,0.0,0.0,0.0,0.0,84,False,Qatar,,25-05-2025,False,corrected-uk-score-1,corrected-uk-score-1_20251219T112007Z,no-language
REU,['French'],896175,,,,,,5.9523928245206905,,True,0.0,0.0,1.1,False,0.0,0.0,0.0,0.0,85,False,Réunion,,25-05-2025,False,corrected-uk-score-1,corrected-uk-score-1_20251219T112007Z,no-language
TKL,"['English', 'Samoan', 'Tokelauan']",2608,,,,,,3.4163075870598827,,True,0.0,0.0,1.5,False,0.0,0.0,0.0,0.0,86,False,Tokelau,,25-05-2025,False,corrected-uk-score-1,corrected-uk-score-1_20251219T112007Z,no-language
TKM,"['Russian', 'Turkmen']",7057841,21.251,2017,,,,6.84867187028912,0.21251,True,0.0,0.0,0.5,False,0.0,0.0,0.0,0.0,87,False,Turkmenistan,,25-05-2025,False,corrected-uk-score-1,corrected-uk-score-1_20251219T112007Z,no-language
TLS,"['Portuguese', 'Tetum']",1391221,34.0207,2023,,,,6.143396124569186,0.340207,True,0.0,0.0,1.1,False,0.0,0.0,0.0,0.0,88,False,Timor-Leste,,25-05-2025,False,corrected-uk-score-1,corrected-uk-score-1_20251219T112007Z,no-language
TON,"['English', 'Tongan']",100179,58.5334,2023,,,,5.0007766921902945,0.585334,True,0.0,0.0,1.5,False,0.0,0.0,0.0,0.0,89,False,Tonga,,25-05-2025,False,corrected-uk-score-1,corrected-uk-score-1_20251219T112007Z,no-language
TTO,['English'],1367764,84.6994,2023,,,,6.136011168773308,0.846994,True,0.0,0.0,1.5,False,0.0,0.0,0.0,0.0,90,True,Trinidad and Tobago,Trinidad and Tobago,25-05-2025,False,corrected-uk-score-1,corrected-uk-score-1_20251219T112007Z,no-language
TUR,['Turkish'],85664944,87.3079,2024,,,,7.932803135318054,0.873079,True,0.0,0.0,0.5,False,0.0,0.0,0.0,0.0,91,True,Türkiye,Türkiye,25-05-2025,False,corrected-uk-score-1,corrected-uk-score-1_20251219T112007Z,no-language
TUV,"['English', 'Tuvaluan']",10643,74.3146,2023,,,,4.027064062151045,0.743146,True,0.0,0.0,1.5,False,0.0,0.0,0.0,0.0,92,True,Tuvalu,Tuvalu,25-05-2025,False,corrected-uk-score-1,corrected-uk-score-1_20251219T112007Z,no-language
TWN,['Chinese'],23317031,,,,,,7.3676732501004665,,True,0.0,0.0,0.5,False,0.0,0.0,0.0,0.0,93,True,"Taiwan, Province of China","Taiwan, Province of China",25-05-2025,False,corrected-uk-score-1,corrected-uk-score-1_20251219T112007Z,no-language
TZA,"['English', 'Swahili']",68153004,29.0638,2023,,,,7.833485003118178,0.290638,True,0.0,0.0,1.5,False,0.0,0.0,0.0,0.0,94,True,"Tanzania, United Republic of","Tanzania, United Republic of",25-05-2025,False,corrected-uk-score-1,corrected-uk-score-1_20251219T112007Z,no-language
UGA,"['English', 'Swahili']",45905417,8.94983,2024,,,,7.661863936831315,0.0894983,True,0.0,0.0,1.5,False,0.0,0.0,0.0,0.0,95,True,Uganda,Uganda,25-05-2025,False,corrected-uk-score-1,corrected-uk-score-1_20251219T112007Z,no-language
UKR,['Ukrainian'],32862000,82.3755,2023,,,,7.516693991312429,0.823755,True,0.0,0.0,0.5,False,0.0,0.0,0.0,0.0,96,False,Ukraine,,25-05-2025,False,corrected-uk-score-1,corrected-uk-score-1_20251219T112007Z,no-language
UMI,['English'],0,,,,,,,,True,0.0,0.0,1.5,False,0.0,0.0,0.0,0.0,97,False,United States Minor Outlying Islands,,25-05-2025,False,corrected-uk-score-1,corrected-uk-score-1_20251219T112007Z,no-language
URY,['Spanish'],3499451,91.9911,2024,,,,6.543999916815401,0.919911,True,0.0,0.0,1.1,False,0.0,0.0,0.0,0.0,98,False,Uruguay,,25-05-2025,False,corrected-uk-score-1,corrected-uk-score-1_20251219T112007Z,no-language
UZB,"['Russian', 'Uzbek']",37859698,89.0136,2023,,,,7.578177145352642,0.8901359999999999,True,0.0,0.0,0.5,False,0.0,0.0,0.0,0.0,99,False,Uzbekistan,,25-05-2025,False,corrected-uk-score-1,corrected-uk-score-1_20251219T112007Z,no-language
VAT,"['Italian', 'Latin']",882,,,,,,2.94546858513182,,True,0.0,0.0,1.1,False,0.0,0.0,0.0,0.0,100,False,Holy See (Vatican City State),,25-05-2025,False,corrected-uk-score-1,corrected-uk-score-1_20251219T112007Z,no-language
VCT,['English'],110872,75.9927,2023,,,,5.044821881759084,0.759927,True,0.0,0.0,1.5,False,0.0,0.0,0.0,0.0,101,False,Saint Vincent and the Grenadines,,25-05-2025,False,corrected-uk-score-1,corrected-uk-score-1_20251219T112007Z,no-language
VEN,['Spanish'],28517000,61.6,2017,,,,7.455103835626699,0.616,True,0.0,0.0,1.1,False,0.0,0.0,0.0,0.0,102,False,"Venezuela, Bolivarian Republic of",,25-05-2025,False,corrected-uk-score-1,corrected-uk-score-1_20251219T112007Z,no-language
VGB,['English'],39471,77.7043,2017,,,,4.596278129409967,0.777043,True,0.0,0.0,1.5,False,0.0,0.0,0.0,0.0,103,False,"Virgin Islands, British",,25-05-2025,False,corrected-uk-score-1,corrected-uk-score-1_20251219T112007Z,no-language
VIR,['English'],87146,64.3775,2017,,,,4.940247457793744,0.643775,True,0.0,0.0,1.5,False,0.0,0.0,0.0,0.0,104,False,"Virgin Islands, U.S.",,25-05-2025,False,corrected-uk-score-1,corrected-uk-score-1_20251219T112007Z,no-language
VNM,['Vietnamese'],101343800,84.15,2024,,,,8.005797184621029,0.8415,True,0.0,0.0,0.5,False,0.0,0.0,0.0,0.0,105,False,Viet Nam,,25-05-2025,False,corrected-uk-score-1,corrected-uk-score-1_20251219T112007Z,no-language
VUT,"['Bislama', 'English', 'French']",321409,45.7313,2023,,,,5.507058033583555,0.45731299999999997,True,0.0,0.0,1.5,False,0.0,0.0,0.0,0.0,106,False,Vanuatu,,25-05-2025,False,corrected-uk-score-1,corrected-uk-score-1_20251219T112007Z,no-language
WLF,['French'],11620,,,,,,4.065206128054312,,True,0.0,0.0,1.1,False,0.0,0.0,0.0,0.0,107,False,Wallis and Futuna,,25-05-2025,False,corrected-uk-score-1,corrected-uk-score-1_20251219T112007Z,no-language
WSM,"['English', 'Samoan']",205557,58.1386,2023,,,,5.312932270752029,0.581386,True,0.0,0.0,1.5,False,0.0,0.0,0.0,0.0,108,False,Samoa,,25-05-2025,False,corrected-uk-score-1,corrected-uk-score-1_20251219T112007Z,no-language
YEM,['Arabic'],32684503,13.8152,2020,,,,7.514341885477597,0.138152,True,0.0,0.0,0.5,False,0.0,0.0,0.0,0.0,109,False,Yemen,,25-05-2025,False,corrected-uk-score-1,corrected-uk-score-1_20251219T112007Z,no-language
ZMB,['English'],19693423,33.0,2023,,,,7.294321209322918,0.33,True,0.0,0.0,1.5,False,0.0,0.0,0.0,0.0,110,False,Zambia,,25-05-2025,False,corrected-uk-score-1,corrected-uk-score-1_20251219T112007Z,no-language
TJK,"['Russian', 'Tajik']",10499000,56.791,2023,,,,7.021147935720995,0.5679099999999999,True,0.0,0.0,0.5,False,0.0,0.0,0.0,0.0,111,False,Tajikistan,,25-05-2025,False,corrected-uk-score-1,corrected-uk-score-1_20251219T112007Z,no-language
TGO,['French'],8095498,37.0223,2023,,,,6.908243569828069,0.370223,True,0.0,0.0,1.1,False,0.0,0.0,0.0,0.0,112,False,Togo,,25-05-2025,False,corrected-uk-score-1,corrected-uk-score-1_20251219T112007Z,no-language
TCD,"['Arabic', 'French']",19340757,13.1832,2023,,,,7.286473468427895,0.131832,True,0.0,0.0,1.1,False,0.0,0.0,0.0,0.0,113,False,Chad,,25-05-2025,False,corrected-uk-score-1,corrected-uk-score-1_20251219T112007Z,no-language
SLV,['Spanish'],6029976,67.6558,2023,,,,6.78031558360146,0.676558,True,0.0,0.0,1.1,False,0.0,0.0,0.0,0.0,114,False,El Salvador,,25-05-2025,False,corrected-uk-score-1,corrected-uk-score-1_20251219T112007Z,no-language
RWA,"['English', 'French', 'Kinyarwanda']",14104969,34.2005,2023,,,,7.14937213599697,0.342005,True,0.0,0.0,1.5,False,0.0,0.0,0.0,0.0,115,False,Rwanda,,25-05-2025,False,corrected-uk-score-1,corrected-uk-score-1_20251219T112007Z,no-language
SAU,['Arabic'],35300280,100.0,2024,,,,7.547778150202912,1.0,True,0.0,0.0,0.5,False,0.0,0.0,0.0,0.0,116,False,Saudi Arabia,,25-05-2025,False,corrected-uk-score-1,corrected-uk-score-1_20251219T112007Z,no-language
SDN,"['Arabic', 'English']",51662000,26.4383,2020,,,,7.713171215080633,0.26438300000000003,True,0.0,0.0,1.5,False,0.0,0.0,0.0,0.0,117,False,Sudan,,25-05-2025,False,corrected-uk-score-1,corrected-uk-score-1_20251219T112007Z,no-language
SEN,['French'],18593258,60.6122,2023,,,,7.26935549560564,0.606122,True,0.0,0.0,1.1,False,0.0,0.0,0.0,0.0,118,False,Senegal,,25-05-2025,False,corrected-uk-score-1,corrected-uk-score-1_20251219T112007Z,no-language
SGP,"['English', 'Chinese', 'Malay', 'Tamil']",6110200,94.3776,2024,,,,6.786055425868549,0.9437760000000001,True,0.0,0.0,1.5,False,0.0,0.0,0.0,0.0,119,False,Singapore,,25-05-2025,False,corrected-uk-score-1,corrected-uk-score-1_20251219T112007Z,no-language
MDA,['Romanian'],2749076,80.2126,2023,,,,6.439186746363795,0.8021259999999999,True,0.0,0.0,1.1,False,0.0,0.0,0.0,0.0,120,False,"Moldova, Republic of",,25-05-2025,False,corrected-uk-score-1,corrected-uk-score-1_20251219T112007Z,no-language
SGS,['English'],0,,,,,,,,True,0.0,0.0,1.5,False,0.0,0.0,0.0,0.0,121,False,South Georgia and the South Sandwich Islands,,25-05-2025,False,corrected-uk-score-1,corrected-uk-score-1_20251219T112007Z,no-language
SHN,['English'],5651,,,,,,3.752125307297898,,True,0.0,0.0,1.5,False,0.0,0.0,0.0,0.0,122,False,"Saint Helena, Ascension and Tristan da Cunha",,25-05-2025,False,corrected-uk-score-1,corrected-uk-score-1_20251219T112007Z,no-language
SJM,['Norwegian'],2530,,,,,,3.403120521175818,,True,0.0,0.0,1.1,False,0.0,0.0,0.0,0.0,123,False,Svalbard and Jan Mayen,,25-05-2025,False,corrected-uk-score-1,corrected-uk-score-1_20251219T112007Z,no-language
SLB,['English'],750325,42.4597,2023,,,,5.875249416903541,0.424597,True,0.0,0.0,1.5,False,0.0,0.0,0.0,0.0,124,False,Solomon Islands,,25-05-2025,False,corrected-uk-score-1,corrected-uk-score-1_20251219T112007Z,no-language
SLE,['English'],9077691,20.635,2023,,,,6.957975395494418,0.20635,True,0.0,0.0,1.5,False,0.0,0.0,0.0,0.0,125,False,Sierra Leone,,25-05-2025,False,corrected-uk-score-1,corrected-uk-score-1_20251219T112007Z,no-language
SMR,['Italian'],34132,87.0278,2023,,,,4.533161736960601,0.870278,True,0.0,0.0,1.1,False,0.0,0.0,0.0,0.0,126,False,San Marino,,25-05-2025,True,corrected-uk-score-1,corrected-uk-score-1_20251219T112007Z,no-language
TCA,['English'],50828,0.0,1990,,,,4.706103021249971,0.0,True,0.0,0.0,1.5,False,0.0,0.0,0.0,0.0,127,False,Turks and Caicos Islands,,25-05-2025,False,corrected-uk-score-1,corrected-uk-score-1_20251219T112007Z,no-language
SOM,"['Arabic', 'Somali']",19655000,27.6,2022,,,,7.293473048156108,0.276,True,0.0,0.0,0.5,False,0.0,0.0,0.0,0.0,128,False,Somalia,,25-05-2025,False,corrected-uk-score-1,corrected-uk-score-1_20251219T112007Z,no-language
SPM,['French'],5819,,,,,,3.7648483571934106,,True,0.0,0.0,1.1,False,0.0,0.0,0.0,0.0,129,False,Saint Pierre and Miquelon,,25-05-2025,False,corrected-uk-score-1,corrected-uk-score-1_20251219T112007Z,no-language
SRB,['Serbian'],6567783,87.6907,2024,,,,6.81741879522901,0.8769070000000001,True,0.0,0.0,1.1,False,0.0,0.0,0.0,0.0,130,False,Serbia,,25-05-2025,False,corrected-uk-score-1,corrected-uk-score-1_20251219T112007Z,no-language
SSD,['English'],15786898,9.27123,2020,,,,7.198296802976665,0.0927123,True,0.0,0.0,1.5,False,0.0,0.0,0.0,0.0,131,False,South Sudan,,25-05-2025,False,corrected-uk-score-1,corrected-uk-score-1_20251219T112007Z,no-language
STP,['Portuguese'],209607,61.4607,2023,,,,5.321405782179103,0.614607,True,0.0,0.0,1.1,False,0.0,0.0,0.0,0.0,132,False,Sao Tome and Principe,,25-05-2025,False,corrected-uk-score-1,corrected-uk-score-1_20251219T112007Z,no-language
SUR,['Dutch'],616500,78.3958,2023,,,,5.789933080931751,0.7839579999999999,True,0.0,0.0,1.1,False,0.0,0.0,0.0,0.0,133,False,Suriname,,25-05-2025,False,corrected-uk-score-1,corrected-uk-score-1_20251219T112007Z,no-language
SVN,['Slovene'],2130638,90.7636,2024,,,,6.328509668410944,0.907636,True,0.0,0.0,0.5,False,0.0,0.0,0.0,0.0,134,False,Slovenia,,25-05-2025,False,corrected-uk-score-1,corrected-uk-score-1_20251219T112007Z,no-language
SWZ,"['English', 'Swazi']",1235549,57.62,2023,,,,6.09185997354031,0.5761999999999999,True,0.0,0.0,1.5,False,0.0,0.0,0.0,0.0,135,False,Eswatini,,25-05-2025,False,corrected-uk-score-1,corrected-uk-score-1_20251219T112007Z,no-language
SXM,"['English', 'French', 'Dutch']",41349,,,,,,4.616465010872037,,True,0.0,0.0,1.5,False,0.0,0.0,0.0,0.0,136,False,Sint Maarten (Dutch part),,25-05-2025,False,corrected-uk-score-1,corrected-uk-score-1_20251219T112007Z,no-language
SYC,"['Seychellois Creole', 'English', 'French']",122729,87.4009,2023,,,,5.088947195586477,0.8740089999999999,True,0.0,0.0,1.5,False,0.0,0.0,0.0,0.0,137,False,Seychelles,,25-05-2025,False,corrected-uk-score-1,corrected-uk-score-1_20251219T112007Z,no-language
SYR,['Arabic'],25620000,34.65,2019,,,,7.408579125408668,0.3465,True,0.0,0.0,0.5,False,0.0,0.0,0.0,0.0,138,False,Syrian Arab Republic,,25-05-2025,False,corrected-uk-score-1,corrected-uk-score-1_20251219T112007Z,no-language
MDG,"['French', 'Malagasy']",31727042,20.3671,2023,,,,7.501429583510402,0.20367100000000002,True,0.0,0.0,1.1,False,0.0,0.0,0.0,0.0,139,False,Madagascar,,25-05-2025,False,corrected-uk-score-1,corrected-uk-score-1_20251219T112007Z,no-language
LAO,['Lao'],7647000,63.6255,2023,,,,6.88349109018893,0.636255,True,0.0,0.0,0.5,False,0.0,0.0,0.0,0.0,140,False,Lao People's Democratic Republic,,25-05-2025,False,corrected-uk-score-1,corrected-uk-score-1_20251219T112007Z,no-language
MCO,['French'],38423,99.1497,2023,,,,4.584591270795872,0.991497,True,0.0,0.0,1.1,False,0.0,0.0,0.0,0.0,141,False,Monaco,,25-05-2025,False,corrected-uk-score-1,corrected-uk-score-1_20251219T112007Z,no-language
COL,['Spanish'],53057212,77.3369,2023,,,,7.724744425351789,0.773369,True,0.0,0.0,1.1,False,0.0,0.0,0.0,0.0,142,False,Colombia,,25-05-2025,False,corrected-uk-score-1,corrected-uk-score-1_20251219T112007Z,no-language
BVT,['Norwegian'],0,,,,,,,,True,0.0,0.0,1.1,False,0.0,0.0,0.0,0.0,143,False,Bouvet Island,,25-05-2025,False,corrected-uk-score-1,corrected-uk-score-1_20251219T112007Z,no-language
BWA,"['English', 'Tswana']",2359609,81.36,2023,,,,6.372840043982482,0.8136,True,0.0,0.0,1.5,False,0.0,0.0,0.0,0.0,144,False,Botswana,,25-05-2025,False,corrected-uk-score-1,corrected-uk-score-1_20251219T112007Z,no-language
CAF,"['French', 'Sango']",6470307,7.50916,2019,,,,6.810924887352293,0.0750916,True,0.0,0.0,1.1,False,0.0,0.0,0.0,0.0,145,False,Central African Republic,,25-05-2025,False,corrected-uk-score-1,corrected-uk-score-1_20251219T112007Z,no-language
CCK,['English'],593,,,,,,2.7730546933642626,,True,0.0,0.0,1.5,False,0.0,0.0,0.0,0.0,146,False,Cocos (Keeling) Islands,,25-05-2025,False,corrected-uk-score-1,corrected-uk-score-1_20251219T112007Z,no-language
CHL,['Spanish'],20206953,94.4574,2023,,,,7.3055008313257455,0.944574,True,0.0,0.0,1.1,False,0.0,0.0,0.0,0.0,147,False,Chile,,25-05-2025,False,corrected-uk-score-1,corrected-uk-score-1_20251219T112007Z,no-language
CHN,['Chinese'],1408280000,92.0,2024,,,,9.14868901159969,0.92,True,0.0,0.0,0.5,False,0.0,0.0,0.0,0.0,148,False,China,,25-05-2025,False,corrected-uk-score-1,corrected-uk-score-1_20251219T112007Z,no-language
CIV,['French'],31719275,40.6528,2023,,,,7.501323252192296,0.406528,True,0.0,0.0,1.1,False,0.0,0.0,0.0,0.0,149,False,Côte d'Ivoire,,25-05-2025,False,corrected-uk-score-1,corrected-uk-score-1_20251219T112007Z,no-language
CMR,"['English', 'French']",29442327,41.9088,2023,,,,7.468972131865236,0.419088,True,0.0,0.0,1.5,False,0.0,0.0,0.0,0.0,150,False,Cameroon,,25-05-2025,False,corrected-uk-score-1,corrected-uk-score-1_20251219T112007Z,no-language
COD,"['French', 'Kikongo', 'Lingala', 'Tshiluba', 'Swahili']",112832000,30.548,2023,,,,8.05243228628321,0.30548,True,0.0,0.0,1.1,False,0.0,0.0,0.0,0.0,151,False,"Congo, The Democratic Republic of the",,25-05-2025,False,corrected-uk-score-1,corrected-uk-score-1_20251219T112007Z,no-language
COG,"['French', 'Kikongo', 'Lingala']",6142180,38.3791,2023,,,,6.788322539534806,0.383791,True,0.0,0.0,1.1,False,0.0,0.0,0.0,0.0,152,False,Congo,,25-05-2025,False,corrected-uk-score-1,corrected-uk-score-1_20251219T112007Z,no-language
COK,"['English', 'Cook Islands Māori']",15040,,,,,,4.177247836255623,,True,0.0,0.0,1.5,False,0.0,0.0,0.0,0.0,153,False,Cook Islands,,25-05-2025,False,corrected-uk-score-1,corrected-uk-score-1_20251219T112007Z,no-language
COM,"['Arabic', 'French', 'Comorian']",919901,35.6678,2023,,,,5.963741090968163,0.356678,True,0.0,0.0,1.1,False,0.0,0.0,0.0,0.0,154,False,Comoros,,25-05-2025,False,corrected-uk-score-1,corrected-uk-score-1_20251219T112007Z,no-language
ESH,"['Berber', 'Hassaniya', 'Spanish']",600904,,,,,,5.778805094963722,,True,0.0,0.0,1.1,False,0.0,0.0,0.0,0.0,155,False,Western Sahara,,25-05-2025,False,corrected-uk-score-1,corrected-uk-score-1_20251219T112007Z,no-language
CPV,['Portuguese'],491233,73.539,2023,,,,5.6912875341031945,0.73539,True,0.0,0.0,1.1,False,0.0,0.0,0.0,0.0,156,False,Cabo Verde,,25-05-2025,False,corrected-uk-score-1,corrected-uk-score-1_20251219T112007Z,no-language
CRI,['Spanish'],5309625,85.3951,2023,,,,6.725063849484161,0.853951,True,0.0,0.0,1.1,False,0.0,0.0,0.0,0.0,157,False,Costa Rica,,25-05-2025,False,corrected-uk-score-1,corrected-uk-score-1_20251219T112007Z,no-language
CUB,['Spanish'],9748007,71.275,2023,,,,6.988915832377714,0.7127500000000001,True,0.0,0.0,1.1,False,0.0,0.0,0.0,0.0,158,False,Cuba,,25-05-2025,False,corrected-uk-score-1,corrected-uk-score-1_20251219T112007Z,no-language
CUW,"['English', 'Dutch', 'Papiamento']",156115,68.1272,2017,,,,5.193444633390771,0.681272,True,0.0,0.0,1.5,False,0.0,0.0,0.0,0.0,159,False,Curaçao,,25-05-2025,False,corrected-uk-score-1,corrected-uk-score-1_20251219T112007Z,no-language
CXR,['English'],1692,,,,,,3.228400358703005,,True,0.0,0.0,1.5,False,0.0,0.0,0.0,0.0,160,False,Christmas Island,,25-05-2025,False,corrected-uk-score-1,corrected-uk-score-1_20251219T112007Z,no-language
CYM,['English'],84738,81.0677,2017,,,,4.928078209497234,0.810677,True,0.0,0.0,1.5,False,0.0,0.0,0.0,0.0,161,False,Cayman Islands,,25-05-2025,False,corrected-uk-score-1,corrected-uk-score-1_20251219T112007Z,no-language
DJI,"['Arabic', 'French']",1066809,65.0248,2023,,,,6.028086670904087,0.6502479999999999,True,0.0,0.0,1.1,False,0.0,0.0,0.0,0.0,162,False,Djibouti,,25-05-2025,False,corrected-uk-score-1,corrected-uk-score-1_20251219T112007Z,no-language
DMA,['English'],67408,83.8255,2023,,,,4.828711441782772,0.8382550000000001,True,0.0,0.0,1.5,False,0.0,0.0,0.0,0.0,163,False,Dominica,,25-05-2025,False,corrected-uk-score-1,corrected-uk-score-1_20251219T112007Z,no-language
DOM,['Spanish'],10771504,91.0022,2024,,,,7.032276347058217,0.910022,True,0.0,0.0,1.1,False,0.0,0.0,0.0,0.0,164,False,Dominican Republic,,25-05-2025,False,corrected-uk-score-1,corrected-uk-score-1_20251219T112007Z,no-language
DZA,['Arabic'],47400000,76.9081,2023,,,,7.675778341674085,0.769081,True,0.0,0.0,0.5,False,0.0,0.0,0.0,0.0,165,False,Algeria,,25-05-2025,False,corrected-uk-score-1,corrected-uk-score-1_20251219T112007Z,no-language
ECU,['Spanish'],18103660,77.1727,2024,,,,7.257766384654669,0.771727,True,0.0,0.0,1.1,False,0.0,0.0,0.0,0.0,166,False,Ecuador,,25-05-2025,False,corrected-uk-score-1,corrected-uk-score-1_20251219T112007Z,no-language
BTN,['Dzongkha'],784043,88.426,2023,,,,5.894339881754102,0.88426,True,0.0,0.0,0.5,False,0.0,0.0,0.0,0.0,167,False,Bhutan,,25-05-2025,True,corrected-uk-score-1,corrected-uk-score-1_20251219T112007Z,no-language
BRN,['Malay'],455500,99.0336,2023,,,,5.658488381309017,0.9903360000000001,True,0.0,0.0,0.5,False,0.0,0.0,0.0,0.0,168,False,Brunei Darussalam,,25-05-2025,False,corrected-uk-score-1,corrected-uk-score-1_20251219T112007Z,no-language
BOL,"['Aymara', 'Guaraní', 'Quechua', 'Spanish']",11365333,70.2368,2023,,,,7.055582164913061,0.702368,True,0.0,0.0,1.1,False,0.0,0.0,0.0,0.0,169,False,"Bolivia, Plurinational State of",,25-05-2025,False,corrected-uk-score-1,corrected-uk-score-1_20251219T112007Z,no-language
BMU,['English'],64055,98.37,2017,,,,4.80655303552734,0.9837,True,0.0,0.0,1.5,False,0.0,0.0,0.0,0.0,170,False,Bermuda,,25-05-2025,False,corrected-uk-score-1,corrected-uk-score-1_20251219T112007Z,no-language
AGO,['Portuguese'],36170961,44.7581,2023,,,,7.558360047369661,0.447581,True,0.0,0.0,1.1,False,0.0,0.0,0.0,0.0,171,False,Angola,,25-05-2025,False,corrected-uk-score-1,corrected-uk-score-1_20251219T112007Z,no-language
AIA,['English'],16010,,,,,,4.204391331919299,,True,0.0,0.0,1.5,False,0.0,0.0,0.0,0.0,172,False,Anguilla,,25-05-2025,False,corrected-uk-score-1,corrected-uk-score-1_20251219T112007Z,no-language
ALA,['Swedish'],30654,,,,,,4.486487153065907,,True,0.0,0.0,1.1,False,0.0,0.0,0.0,0.0,173,False,Åland Islands,,25-05-2025,False,corrected-uk-score-1,corrected-uk-score-1_20251219T112007Z,no-language
ALB,['Albanian'],2363314,83.1356,2023,,,,6.373521427687243,0.831356,True,0.0,0.0,1.1,False,0.0,0.0,0.0,0.0,174,False,Albania,,25-05-2025,False,corrected-uk-score-1,corrected-uk-score-1_20251219T112007Z,no-language
AND,['Catalan'],88406,95.4456,2023,,,,4.946481741013802,0.954456,True,0.0,0.0,1.1,False,0.0,0.0,0.0,0.0,175,False,Andorra,,25-05-2025,False,corrected-uk-score-1,corrected-uk-score-1_20251219T112007Z,no-language
ARG,"['Guaraní', 'Spanish']",46735004,89.6672,2024,,,,7.6696422841965495,0.8966719999999999,True,0.0,0.0,1.1,False,0.0,0.0,0.0,0.0,176,False,Argentina,,25-05-2025,False,corrected-uk-score-1,corrected-uk-score-1_20251219T112007Z,no-language
ARM,['Armenian'],3076200,79.9966,2023,,,,6.488014567824043,0.799966,True,0.0,0.0,0.5,False,0.0,0.0,0.0,0.0,177,False,Armenia,,25-05-2025,False,corrected-uk-score-1,corrected-uk-score-1_20251219T112007Z,no-language
ASM,"['English', 'Samoan']",49710,0.0,1990,,,,4.6964437631389995,0.0,True,0.0,0.0,1.5,False,0.0,0.0,0.0,0.0,178,False,American Samoa,,25-05-2025,False,corrected-uk-score-1,corrected-uk-score-1_20251219T112007Z,no-language
ATA,[],1300,,,,,,3.113943352306837,,True,0.0,0.0,0.5,False,0.0,0.0,0.0,0.0,179,False,Antarctica,,25-05-2025,False,corrected-uk-score-1,corrected-uk-score-1_20251219T112007Z,no-language
ATF,['French'],400,,,,,,2.6020599913279625,,True,0.0,0.0,1.1,False,0.0,0.0,0.0,0.0,180,False,French Southern Territories,,25-05-2025,False,corrected-uk-score-1,corrected-uk-score-1_20251219T112007Z,no-language
ATG,['English'],103603,77.5756,2023,,,,5.015372331322167,0.7757559999999999,True,0.0,0.0,1.5,False,0.0,0.0,0.0,0.0,181,False,Antigua and Barbuda,,25-05-2025,False,corrected-uk-score-1,corrected-uk-score-1_20251219T112007Z,no-language
AZE,['Azerbaijani'],10241722,89.0,2023,,,,7.010372983224158,0.89,True,0.0,0.0,0.5,False,0.0,0.0,0.0,0.0,182,False,Azerbaijan,,25-05-2025,False,corrected-uk-score-1,corrected-uk-score-1_20251219T112007Z,no-language
BDI,"['French', 'Kirundi']",12332788,11.0784,2023,,,,7.0910612660640675,0.11078400000000001,True,0.0,0.0,1.1,False,0.0,0.0,0.0,0.0,183,False,Burundi,,25-05-2025,False,corrected-uk-score-1,corrected-uk-score-1_20251219T112007Z,no-language
BEN,['French'],13224860,32.2083,2023,,,,7.121391083236578,0.322083,True,0.0,0.0,1.1,False,0.0,0.0,0.0,0.0,184,False,Benin,,25-05-2025,False,corrected-uk-score-1,corrected-uk-score-1_20251219T112007Z,no-language
BES,"['English', 'Dutch', 'Papiamento']",31980,,,,,,4.504878459410216,,True,0.0,0.0,1.5,False,0.0,0.0,0.0,0.0,185,False,"Bonaire, Sint Eustatius and Saba",,25-05-2025,False,corrected-uk-score-1,corrected-uk-score-1_20251219T112007Z,no-language
BFA,['French'],24070553,17.0226,2023,,,,7.381486067927281,0.17022600000000002,True,0.0,0.0,1.1,False,0.0,0.0,0.0,0.0,186,False,Burkina Faso,,25-05-2025,False,corrected-uk-score-1,corrected-uk-score-1_20251219T112007Z,no-language
BGD,['Bengali'],169828911,44.5027,2023,,,,8.230011624771146,0.44502699999999995,True,0.0,0.0,0.5,False,0.0,0.0,0.0,0.0,187,False,Bangladesh,,25-05-2025,False,corrected-uk-score-1,corrected-uk-score-1_20251219T112007Z,no-language
BHR,['Arabic'],1594654,100.0,2024,,,,6.202666466583464,1.0,True,0.0,0.0,0.5,False,0.0,0.0,0.0,0.0,188,False,Bahrain,,25-05-2025,False,corrected-uk-score-1,corrected-uk-score-1_20251219T112007Z,no-language
BHS,['English'],398165,94.8186,2023,,,,5.600063081470082,0.9481860000000001,True,0.0,0.0,1.5,False,0.0,0.0,0.0,0.0,189,False,Bahamas,,25-05-2025,False,corrected-uk-score-1,corrected-uk-score-1_20251219T112007Z,no-language
BIH,"['Bosnian', 'Croatian', 'Serbian']",3422000,86.1009,2024,,,,6.534280005205082,0.8610089999999999,True,0.0,0.0,1.1,False,0.0,0.0,0.0,0.0,190,False,Bosnia and Herzegovina,,25-05-2025,False,corrected-uk-score-1,corrected-uk-score-1_20251219T112007Z,no-language
BLM,['French'],10562,,,,,,4.023746163152476,,True,0.0,0.0,1.1,False,0.0,0.0,0.0,0.0,191,False,Saint Barthélemy,,25-05-2025,False,corrected-uk-score-1,corrected-uk-score-1_20251219T112007Z,no-language
BLR,"['Belarusian', 'Russian']",9109280,94.2618,2024,,,,6.959484051574066,0.942618,True,0.0,0.0,0.5,False,0.0,0.0,0.0,0.0,192,False,Belarus,,25-05-2025,False,corrected-uk-score-1,corrected-uk-score-1_20251219T112007Z,no-language
BLZ,"['Belizean Creole', 'English', 'Spanish']",417634,72.3595,2023,,,,5.620795847779911,0.723595,True,0.0,0.0,1.5,False,0.0,0.0,0.0,0.0,193,False,Belize,,25-05-2025,False,corrected-uk-score-1,corrected-uk-score-1_20251219T112007Z,no-language
ERI,"['Arabic', 'English', 'Tigrinya']",3607000,20.0104,2023,,,,6.557146142318363,0.200104,True,0.0,0.0,1.5,False,0.0,0.0,0.0,0.0,194,False,Eritrea,,25-05-2025,False,corrected-uk-score-1,corrected-uk-score-1_20251219T112007Z,no-language
EST,['Estonian'],1369995,92.238,2024,,,,6.1367189821371575,0.92238,True,0.0,0.0,1.1,False,0.0,0.0,0.0,0.0,195,False,Estonia,,25-05-2025,False,corrected-uk-score-1,corrected-uk-score-1_20251219T112007Z,no-language
MAF,['French'],31496,,,,,,4.498255401782173,,True,0.0,0.0,1.1,False,0.0,0.0,0.0,0.0,196,False,Saint Martin (French part),,25-05-2025,False,corrected-uk-score-1,corrected-uk-score-1_20251219T112007Z,no-language
KIR,"['English', 'Gilbertese']",120740,88.0,2023,,,,5.081851171517454,0.88,True,0.0,0.0,1.5,False,0.0,0.0,0.0,0.0,197,False,Kiribati,,25-05-2025,False,corrected-uk-score-1,corrected-uk-score-1_20251219T112007Z,no-language
IOT,['English'],0,,,,,,,,True,0.0,0.0,1.5,False,0.0,0.0,0.0,0.0,198,False,British Indian Ocean Territory,,25-05-2025,False,corrected-uk-score-1,corrected-uk-score-1_20251219T112007Z,no-language
IRL,"['English', 'Irish']",5458600,96.4974,2023,,,,6.7370812708662235,0.964974,True,0.0,0.0,1.5,False,0.0,0.0,0.0,0.0,199,False,Ireland,,25-05-2025,False,corrected-uk-score-1,corrected-uk-score-1_20251219T112007Z,no-language
IRN,['Persian (Farsi)'],85961000,79.6309,2023,,,,7.934301459075755,0.7963089999999999,True,0.0,0.0,0.5,False,0.0,0.0,0.0,0.0,200,False,"Iran, Islamic Republic of",,25-05-2025,False,corrected-uk-score-1,corrected-uk-score-1_20251219T112007Z,no-language
IRQ,"['Arabic', 'Aramaic', 'Sorani']",46118793,81.7291,2023,,,,7.663877932614442,0.817291,True,0.0,0.0,0.5,False,0.0,0.0,0.0,0.0,201,False,Iraq,,25-05-2025,False,corrected-uk-score-1,corrected-uk-score-1_20251219T112007Z,no-language
ISL,['Icelandic'],391810,99.8301,2023,,,,5.593075516113534,0.998301,True,0.0,0.0,1.1,False,0.0,0.0,0.0,0.0,202,False,Iceland,,25-05-2025,False,corrected-uk-score-1,corrected-uk-score-1_20251219T112007Z,no-language
JEY,"['English', 'French', 'Jèrriais']",103267,,,,,,5.013961560555626,,True,0.0,0.0,1.5,False,0.0,0.0,0.0,0.0,203,False,Jersey,,25-05-2025,False,corrected-uk-score-1,corrected-uk-score-1_20251219T112007Z,no-language
JOR,['Arabic'],11734000,92.5344,2023,,,,7.069446083880313,0.925344,True,0.0,0.0,0.5,False,0.0,0.0,0.0,0.0,204,False,Jordan,,25-05-2025,False,corrected-uk-score-1,corrected-uk-score-1_20251219T112007Z,no-language
KAZ,"['Kazakh', 'Russian']",20426568,93.3917,2024,,,,7.310195404132739,0.933917,True,0.0,0.0,0.5,False,0.0,0.0,0.0,0.0,205,False,Kazakhstan,,25-05-2025,False,corrected-uk-score-1,corrected-uk-score-1_20251219T112007Z,no-language
KEN,"['English', 'Swahili']",53330978,34.9762,2024,,,,7.726979547982685,0.34976199999999996,True,0.0,0.0,1.5,False,0.0,0.0,0.0,0.0,206,False,Kenya,,25-05-2025,False,corrected-uk-score-1,corrected-uk-score-1_20251219T112007Z,no-language
KGZ,"['Kyrgyz', 'Russian']",7281800,88.4701,2023,,,,6.86223874654393,0.8847010000000001,True,0.0,0.0,0.5,False,0.0,0.0,0.0,0.0,207,False,Kyrgyzstan,,25-05-2025,False,corrected-uk-score-1,corrected-uk-score-1_20251219T112007Z,no-language
KHM,['Khmer'],17577760,60.7171,2023,,,,7.244963530486225,0.607171,True,0.0,0.0,0.5,False,0.0,0.0,0.0,0.0,208,False,Cambodia,,25-05-2025,False,corrected-uk-score-1,corrected-uk-score-1_20251219T112007Z,no-language
KNA,['English'],51320,76.4208,2023,,,,4.710286647702891,0.764208,True,0.0,0.0,1.5,False,0.0,0.0,0.0,0.0,209,False,Saint Kitts and Nevis,,25-05-2025,False,corrected-uk-score-1,corrected-uk-score-1_20251219T112007Z,no-language
ETH,['Amharic'],111652998,16.6981,2021,,,,8.047870388825965,0.166981,True,0.0,0.0,0.5,False,0.0,0.0,0.0,0.0,210,False,Ethiopia,,25-05-2025,False,corrected-uk-score-1,corrected-uk-score-1_20251219T112007Z,no-language
KOR,['Korean'],51159889,97.8956,2024,,,,7.708929593532578,0.978956,True,0.0,0.0,0.5,False,0.0,0.0,0.0,0.0,211,False,"Korea, Republic of",,25-05-2025,False,corrected-uk-score-1,corrected-uk-score-1_20251219T112007Z,no-language
KWT,['Arabic'],4881254,99.7473,2023,,,,6.688531407109154,0.9974729999999999,True,0.0,0.0,0.5,False,0.0,0.0,0.0,0.0,212,False,Kuwait,,25-05-2025,False,corrected-uk-score-1,corrected-uk-score-1_20251219T112007Z,no-language
AFG,"['Dari', 'Pashto', 'Turkmen']",43844000,17.7089,2023,,,,7.641910169077627,0.177089,True,0.0,0.0,0.5,False,0.0,0.0,0.0,0.0,213,False,Afghanistan,,25-05-2025,False,corrected-uk-score-1,corrected-uk-score-1_20251219T112007Z,no-language
LBN,"['Arabic', 'French']",5490000,83.4933,2023,,,,6.739572344450092,0.834933,True,0.0,0.0,1.1,False,0.0,0.0,0.0,0.0,214,False,Lebanon,,25-05-2025,False,corrected-uk-score-1,corrected-uk-score-1_20251219T112007Z,no-language
LBR,['English'],5248621,23.4979,2023,,,,6.720045213737611,0.23497900000000002,True,0.0,0.0,1.5,False,0.0,0.0,0.0,0.0,215,False,Liberia,,25-05-2025,False,corrected-uk-score-1,corrected-uk-score-1_20251219T112007Z,no-language
LBY,['Arabic'],7459000,88.4989,2023,,,,6.8726806071519295,0.884989,True,0.0,0.0,0.5,False,0.0,0.0,0.0,0.0,216,False,Libya,,25-05-2025,False,corrected-uk-score-1,corrected-uk-score-1_20251219T112007Z,no-language
LCA,['English'],184100,70.0834,2023,,,,5.265053788504015,0.700834,True,0.0,0.0,1.5,False,0.0,0.0,0.0,0.0,217,False,Saint Lucia,,25-05-2025,False,corrected-uk-score-1,corrected-uk-score-1_20251219T112007Z,no-language
LIE,['German'],40900,97.3444,2023,,,,4.611723308007342,0.973444,True,0.0,0.0,1.1,False,0.0,0.0,0.0,0.0,218,False,Liechtenstein,,25-05-2025,False,corrected-uk-score-1,corrected-uk-score-1_20251219T112007Z,no-language
LSO,"['English', 'Sotho']",2116427,47.991,2023,,,,6.325603293342072,0.47991,True,0.0,0.0,1.5,False,0.0,0.0,0.0,0.0,219,False,Lesotho,,25-05-2025,False,corrected-uk-score-1,corrected-uk-score-1_20251219T112007Z,no-language
LVA,['Latvian'],1829000,92.7076,2024,,,,6.262213705476417,0.927076,True,0.0,0.0,1.1,False,0.0,0.0,0.0,0.0,220,False,Latvia,,25-05-2025,False,corrected-uk-score-1,corrected-uk-score-1_20251219T112007Z,no-language
MAC,"['Portuguese', 'Chinese']",685900,89.1806,2023,,,,5.836260802858487,0.891806,True,0.0,0.0,1.1,False,0.0,0.0,0.0,0.0,221,False,Macao,,25-05-2025,False,corrected-uk-score-1,corrected-uk-score-1_20251219T112007Z,no-language
IMN,"['English', 'Manx']",84530,,,,,,4.927010868975651,,True,0.0,0.0,1.5,False,0.0,0.0,0.0,0.0,222,False,Isle of Man,,25-05-2025,False,corrected-uk-score-1,corrected-uk-score-1_20251219T112007Z,no-language
IDN,['Indonesian'],284438782,72.7808,2024,,,,8.453988810272648,0.727808,True,0.0,0.0,0.5,False,0.0,0.0,0.0,0.0,223,False,Indonesia,,25-05-2025,False,corrected-uk-score-1,corrected-uk-score-1_20251219T112007Z,no-language
HTI,"['French', 'Haitian Creole']",11867032,39.262,2019,,,,7.074342113461789,0.39262,True,0.0,0.0,1.1,False,0.0,0.0,0.0,0.0,224,False,Haiti,,25-05-2025,False,corrected-uk-score-1,corrected-uk-score-1_20251219T112007Z,no-language
HRV,['Croatian'],3866233,83.6324,2024,,,,6.587288023403108,0.8363240000000001,True,0.0,0.0,1.1,False,0.0,0.0,0.0,0.0,225,False,Croatia,,25-05-2025,False,corrected-uk-score-1,corrected-uk-score-1_20251219T112007Z,no-language
FJI,"['English', 'Fijian', 'Fiji Hindi']",900869,79.3485,2023,,,,5.954661642573458,0.793485,True,0.0,0.0,1.5,False,0.0,0.0,0.0,0.0,226,False,Fiji,,25-05-2025,True,corrected-uk-score-1,corrected-uk-score-1_20251219T112007Z,no-language
FLK,['English'],3662,,,,,,3.5637183399656776,,True,0.0,0.0,1.5,False,0.0,0.0,0.0,0.0,227,False,Falkland Islands (Malvinas),,25-05-2025,False,corrected-uk-score-1,corrected-uk-score-1_20251219T112007Z,no-language
FRO,"['Danish', 'Faroese']",54885,97.582,2017,,,,4.739453668542288,0.9758199999999999,True,0.0,0.0,1.1,False,0.0,0.0,0.0,0.0,228,False,Faroe Islands,,25-05-2025,True,corrected-uk-score-1,corrected-uk-score-1_20251219T112007Z,no-language
FSM,['English'],105564,39.3833,2020,,,,5.023515838018407,0.393833,True,0.0,0.0,1.5,False,0.0,0.0,0.0,0.0,229,False,"Micronesia, Federated States of",,25-05-2025,False,corrected-uk-score-1,corrected-uk-score-1_20251219T112007Z,no-language
GAB,['French'],2469296,71.9256,2023,,,,6.392573152897294,0.719256,True,0.0,0.0,1.1,False,0.0,0.0,0.0,0.0,230,False,Gabon,,25-05-2025,True,corrected-uk-score-1,corrected-uk-score-1_20251219T112007Z,no-language
GEO,['Georgian'],4000921,81.8843,2023,,,,6.602159976122113,0.818843,True,0.0,0.0,0.5,False,0.0,0.0,0.0,0.0,231,False,Georgia,,25-05-2025,False,corrected-uk-score-1,corrected-uk-score-1_20251219T112007Z,no-language
GGY,"['English', 'French', 'Guernésiais']",64781,,,,,,4.811447647766932,,True,0.0,0.0,1.5,False,0.0,0.0,0.0,0.0,232,False,Guernsey,,25-05-2025,False,corrected-uk-score-1,corrected-uk-score-1_20251219T112007Z,no-language
GHA,['English'],33742380,69.9445,2023,,,,7.52817571205314,0.6994450000000001,True,0.0,0.0,1.5,False,0.0,0.0,0.0,0.0,233,False,Ghana,,25-05-2025,False,corrected-uk-score-1,corrected-uk-score-1_20251219T112007Z,no-language
GIB,['English'],38000,94.4445,2016,,,,4.57978359661681,0.9444450000000001,True,0.0,0.0,1.5,False,0.0,0.0,0.0,0.0,234,False,Gibraltar,,25-05-2025,False,corrected-uk-score-1,corrected-uk-score-1_20251219T112007Z,no-language
GIN,['French'],14363931,26.5014,2023,,,,7.157273310239107,0.265014,True,0.0,0.0,1.1,False,0.0,0.0,0.0,0.0,235,False,Guinea,,25-05-2025,False,corrected-uk-score-1,corrected-uk-score-1_20251219T112007Z,no-language
GLP,['French'],378561,,,,,,5.578135870173925,,True,0.0,0.0,1.1,False,0.0,0.0,0.0,0.0,236,False,Guadeloupe,,25-05-2025,False,corrected-uk-score-1,corrected-uk-score-1_20251219T112007Z,no-language
GMB,['English'],2422712,45.9137,2023,,,,6.384301790429396,0.45913699999999996,True,0.0,0.0,1.5,False,0.0,0.0,0.0,0.0,237,False,Gambia,,25-05-2025,False,corrected-uk-score-1,corrected-uk-score-1_20251219T112007Z,no-language
GNB,"['Portuguese', 'Upper Guinea Creole']",1781308,32.4661,2023,,,,6.250739018360228,0.324661,True,0.0,0.0,1.1,False,0.0,0.0,0.0,0.0,238,False,Guinea-Bissau,,25-05-2025,False,corrected-uk-score-1,corrected-uk-score-1_20251219T112007Z,no-language
GNQ,"['French', 'Portuguese', 'Spanish']",1668768,60.3661,2023,,,,6.222395963208134,0.603661,True,0.0,0.0,1.1,False,0.0,0.0,0.0,0.0,239,False,Equatorial Guinea,,25-05-2025,False,corrected-uk-score-1,corrected-uk-score-1_20251219T112007Z,no-language
GRD,['English'],109021,74.1201,2023,,,,5.037510161295513,0.7412009999999999,True,0.0,0.0,1.5,False,0.0,0.0,0.0,0.0,240,False,Grenada,,25-05-2025,False,corrected-uk-score-1,corrected-uk-score-1_20251219T112007Z,no-language
GRL,['Greenlandic'],56542,69.4825,2017,,,,4.752371166261774,0.694825,True,0.0,0.0,0.5,False,0.0,0.0,0.0,0.0,241,False,Greenland,,25-05-2025,False,corrected-uk-score-1,corrected-uk-score-1_20251219T112007Z,no-language
GTM,['Spanish'],18079810,56.0535,2023,,,,7.25719386217999,0.560535,True,0.0,0.0,1.1,False,0.0,0.0,0.0,0.0,242,False,Guatemala,,25-05-2025,False,corrected-uk-score-1,corrected-uk-score-1_20251219T112007Z,no-language
GUF,['French'],292354,,,,,,5.46590904024973,,True,0.0,0.0,1.1,False,0.0,0.0,0.0,0.0,243,False,French Guiana,,25-05-2025,False,corrected-uk-score-1,corrected-uk-score-1_20251219T112007Z,no-language
GUM,"['Chamorro', 'English', 'Spanish']",153836,80.5055,2017,,,,5.187057978975404,0.805055,True,0.0,0.0,1.5,False,0.0,0.0,0.0,0.0,244,False,Guam,,25-05-2025,False,corrected-uk-score-1,corrected-uk-score-1_20251219T112007Z,no-language
GUY,['English'],772975,81.7221,2023,,,,5.888165447944686,0.817221,True,0.0,0.0,1.5,False,0.0,0.0,0.0,0.0,245,False,Guyana,,25-05-2025,False,corrected-uk-score-1,corrected-uk-score-1_20251219T112007Z,no-language
HKG,"['English', 'Chinese']",7527500,95.9778,2023,,,,6.876650764184797,0.959778,True,0.0,0.0,1.5,False,0.0,0.0,0.0,0.0,246,False,Hong Kong,,25-05-2025,False,corrected-uk-score-1,corrected-uk-score-1_20251219T112007Z,no-language
HMD,['English'],0,,,,,,,,True,0.0,0.0,1.5,False,0.0,0.0,0.0,0.0,247,False,Heard Island and McDonald Islands,,25-05-2025,False,corrected-uk-score-1,corrected-uk-score-1_20251219T112007Z,no-language
HND,['Spanish'],9892632,58.2789,2023,,,,6.995311853882634,0.582789,True,0.0,0.0,1.1,False,0.0,0.0,0.0,0.0,248,False,Honduras,,25-05-2025,False,corrected-uk-score-1,corrected-uk-score-1_20251219T112007Z,no-language
ZWE,"['Chibarwe', 'English', 'Kalanga', 'Khoisan', 'Ndau', 'Northern Ndebele', 'Chewa', 'Shona', 'Sotho', 'Tonga', 'Tswana', 'Tsonga', 'Venda', 'Xhosa', 'Zimbabwean Sign Language']",17073087,38.4266,2023,,,,7.232312053385075,0.384266,True,0.0,0.0,1.5,False,0.0,0.0,0.0,0.0,249,False,Zimbabwe,,25-05-2025,False,corrected-uk-score-1,corrected-uk-score-1_20251219T112007Z,no-language
